{
  "API_TC_007 Create Account" : {
    "transaction" : "API_TC_007 Create Account",
    "sampleCount" : 311,
    "errorCount" : 1,
    "errorPct" : 0.3215434,
    "meanResTime" : 1318.8231511254023,
    "medianResTime" : 573.0,
    "minResTime" : 335.0,
    "maxResTime" : 125169.0,
    "pct1ResTime" : 927.2000000000014,
    "pct2ResTime" : 1701.1999999999998,
    "pct3ResTime" : 8333.679999999982,
    "throughput" : 0.18318459647260685,
    "receivedKBytesPerSec" : 0.16384248797372508,
    "sentKBytesPerSec" : 0.08306131592657537
  },
  "API_TC_003 Search Product" : {
    "transaction" : "API_TC_003 Search Product",
    "sampleCount" : 310,
    "errorCount" : 2,
    "errorPct" : 0.6451613,
    "meanResTime" : 1641.5032258064512,
    "medianResTime" : 587.0,
    "minResTime" : 315.0,
    "maxResTime" : 90293.0,
    "pct1ResTime" : 1558.0000000000018,
    "pct2ResTime" : 2082.0499999999993,
    "pct3ResTime" : 61792.2399999995,
    "throughput" : 0.1830884181219735,
    "receivedKBytesPerSec" : 0.33274866544784903,
    "sentKBytesPerSec" : 0.044699320830559934
  },
  "API_TC_002 Get all brands" : {
    "transaction" : "API_TC_002 Get all brands",
    "sampleCount" : 311,
    "errorCount" : 0,
    "errorPct" : 0.0,
    "meanResTime" : 1021.7234726688107,
    "medianResTime" : 521.0,
    "minResTime" : 301.0,
    "maxResTime" : 45978.0,
    "pct1ResTime" : 1049.0000000000005,
    "pct2ResTime" : 2157.799999999998,
    "pct3ResTime" : 8266.239999999998,
    "throughput" : 0.18314306476668987,
    "receivedKBytesPerSec" : 0.3590993238649547,
    "sentKBytesPerSec" : 0.0252179415352571
  },
  "Total" : {
    "transaction" : "Total",
    "sampleCount" : 2170,
    "errorCount" : 11,
    "errorPct" : 0.50691247,
    "meanResTime" : 1423.838248847926,
    "medianResTime" : 587.0,
    "minResTime" : 301.0,
    "maxResTime" : 125176.0,
    "pct1ResTime" : 1131.6000000000004,
    "pct2ResTime" : 1904.3499999999995,
    "pct3ResTime" : 15931.509999999744,
    "throughput" : 1.2698709939812796,
    "receivedKBytesPerSec" : 3.590716134822847,
    "sentKBytesPerSec" : 0.31638593965333106
  },
  "API_TC_005 Verify login valid" : {
    "transaction" : "API_TC_005 Verify login valid",
    "sampleCount" : 310,
    "errorCount" : 2,
    "errorPct" : 0.6451613,
    "meanResTime" : 1381.841935483871,
    "medianResTime" : 537.5,
    "minResTime" : 360.0,
    "maxResTime" : 125068.0,
    "pct1ResTime" : 1065.7000000000028,
    "pct2ResTime" : 1705.5499999999995,
    "pct3ResTime" : 19139.26999999978,
    "throughput" : 0.18309944839814563,
    "receivedKBytesPerSec" : 0.16679561457625178,
    "sentKBytesPerSec" : 0.049153757540301074
  },
  "API_TC_010 Delete an existing Account" : {
    "transaction" : "API_TC_010 Delete an existing Account",
    "sampleCount" : 309,
    "errorCount" : 3,
    "errorPct" : 0.9708738,
    "meanResTime" : 838.2135922330094,
    "medianResTime" : 608.0,
    "minResTime" : 398.0,
    "maxResTime" : 23822.0,
    "pct1ResTime" : 1044.0,
    "pct2ResTime" : 1709.0,
    "pct3ResTime" : 5259.999999999983,
    "throughput" : 0.1827957816176066,
    "receivedKBytesPerSec" : 0.16701917739975664,
    "sentKBytesPerSec" : 0.05742640029554942
  },
  "API_TC_001 Get all products" : {
    "transaction" : "API_TC_001 Get all products",
    "sampleCount" : 312,
    "errorCount" : 2,
    "errorPct" : 0.64102566,
    "meanResTime" : 2101.118589743589,
    "medianResTime" : 607.0,
    "minResTime" : 371.0,
    "maxResTime" : 125176.0,
    "pct1ResTime" : 1358.099999999999,
    "pct2ResTime" : 2255.499999999998,
    "pct3ResTime" : 72138.98000000001,
    "throughput" : 0.18272681111845793,
    "receivedKBytesPerSec" : 1.1418343846469652,
    "sentKBytesPerSec" : 0.025517513662050274
  },
  "API_TC_012 Error Handling invalid endpoint" : {
    "transaction" : "API_TC_012 Error Handling invalid endpoint",
    "sampleCount" : 307,
    "errorCount" : 1,
    "errorPct" : 0.3257329,
    "meanResTime" : 1661.3192182410428,
    "medianResTime" : 626.0,
    "minResTime" : 311.0,
    "maxResTime" : 103110.0,
    "pct1ResTime" : 1192.5999999999995,
    "pct2ResTime" : 2174.799999999999,
    "pct3ResTime" : 62498.360000000575,
    "throughput" : 0.18242666685681824,
    "receivedKBytesPerSec" : 1.289590709134644,
    "sentKBytesPerSec" : 0.03402684899380106
  }
}