{
  "API_TC_007 Create Account" : {
    "transaction" : "API_TC_007 Create Account",
    "sampleCount" : 10,
    "errorCount" : 0,
    "errorPct" : 0.0,
    "meanResTime" : 461.3,
    "medianResTime" : 461.0,
    "minResTime" : 433.0,
    "maxResTime" : 483.0,
    "pct1ResTime" : 482.9,
    "pct2ResTime" : 483.0,
    "pct3ResTime" : 483.0,
    "throughput" : 0.5423287596941266,
    "receivedKBytesPerSec" : 0.48618925917891426,
    "sentKBytesPerSec" : 0.24611345178697328
  },
  "API_TC_003 Search Product" : {
    "transaction" : "API_TC_003 Search Product",
    "sampleCount" : 10,
    "errorCount" : 0,
    "errorPct" : 0.0,
    "meanResTime" : 498.1,
    "medianResTime" : 465.0,
    "minResTime" : 435.0,
    "maxResTime" : 831.0,
    "pct1ResTime" : 796.0000000000001,
    "pct2ResTime" : 831.0,
    "pct3ResTime" : 831.0,
    "throughput" : 0.5212677231025855,
    "receivedKBytesPerSec" : 0.9521280754795662,
    "sentKBytesPerSec" : 0.12726262771059216
  },
  "API_TC_002 Get all brands" : {
    "transaction" : "API_TC_002 Get all brands",
    "sampleCount" : 10,
    "errorCount" : 0,
    "errorPct" : 0.0,
    "meanResTime" : 563.2,
    "medianResTime" : 459.0,
    "minResTime" : 411.0,
    "maxResTime" : 1567.0,
    "pct1ResTime" : 1457.3000000000004,
    "pct2ResTime" : 1567.0,
    "pct3ResTime" : 1567.0,
    "throughput" : 0.5293245818335803,
    "receivedKBytesPerSec" : 1.0381274977503705,
    "sentKBytesPerSec" : 0.07288551370950667
  },
  "Total" : {
    "transaction" : "Total",
    "sampleCount" : 70,
    "errorCount" : 0,
    "errorPct" : 0.0,
    "meanResTime" : 575.4428571428571,
    "medianResTime" : 465.0,
    "minResTime" : 365.0,
    "maxResTime" : 1872.0,
    "pct1ResTime" : 862.5,
    "pct2ResTime" : 1579.15,
    "pct3ResTime" : 1872.0,
    "throughput" : 1.8221574344023324,
    "receivedKBytesPerSec" : 5.173091737492191,
    "sentKBytesPerSec" : 0.45470047473708874
  },
  "API_TC_005 Verify login valid" : {
    "transaction" : "API_TC_005 Verify login valid",
    "sampleCount" : 10,
    "errorCount" : 0,
    "errorPct" : 0.0,
    "meanResTime" : 444.59999999999997,
    "medianResTime" : 450.0,
    "minResTime" : 365.0,
    "maxResTime" : 478.0,
    "pct1ResTime" : 477.2,
    "pct2ResTime" : 478.0,
    "pct3ResTime" : 478.0,
    "throughput" : 0.532708288940976,
    "receivedKBytesPerSec" : 0.4857841798955892,
    "sentKBytesPerSec" : 0.1430613080652035
  },
  "API_TC_010 Delete an existing Account" : {
    "transaction" : "API_TC_010 Delete an existing Account",
    "sampleCount" : 10,
    "errorCount" : 0,
    "errorPct" : 0.0,
    "meanResTime" : 536.8,
    "medianResTime" : 456.0,
    "minResTime" : 434.0,
    "maxResTime" : 1108.0,
    "pct1ResTime" : 1059.8000000000002,
    "pct2ResTime" : 1108.0,
    "pct3ResTime" : 1108.0,
    "throughput" : 0.536135535063264,
    "receivedKBytesPerSec" : 0.48215548265601543,
    "sentKBytesPerSec" : 0.16963663414111085
  },
  "API_TC_001 Get all products" : {
    "transaction" : "API_TC_001 Get all products",
    "sampleCount" : 10,
    "errorCount" : 0,
    "errorPct" : 0.0,
    "meanResTime" : 960.7999999999997,
    "medianResTime" : 639.0,
    "minResTime" : 594.0,
    "maxResTime" : 1872.0,
    "pct1ResTime" : 1857.8,
    "pct2ResTime" : 1872.0,
    "pct3ResTime" : 1872.0,
    "throughput" : 0.523944252331552,
    "receivedKBytesPerSec" : 3.2941971536728496,
    "sentKBytesPerSec" : 0.07316799617520696
  },
  "API_TC_012 Error Handling invalid endpoint" : {
    "transaction" : "API_TC_012 Error Handling invalid endpoint",
    "sampleCount" : 10,
    "errorCount" : 0,
    "errorPct" : 0.0,
    "meanResTime" : 563.3,
    "medianResTime" : 467.5,
    "minResTime" : 443.0,
    "maxResTime" : 932.0,
    "pct1ResTime" : 925.4,
    "pct2ResTime" : 932.0,
    "pct3ResTime" : 932.0,
    "throughput" : 0.5330490405117271,
    "receivedKBytesPerSec" : 3.7793905750266523,
    "sentKBytesPerSec" : 0.09942613939232409
  }
}